[
  {
    "company_name": "1Cell.Ai",
    "city": "Cupertino",
    "website": "https://1cell.ai"
  },
  {
    "company_name": "1cBio",
    "city": "San Francisco",
    "website": "https://www.1cbio.com"
  },
  {
    "company_name": "64x Bio",
    "city": "San Francisco",
    "website": "https://64xbio.com"
  },
  {
    "company_name": "92Bio",
    "city": "Hayward",
    "website": "https://92biotech.com"
  },
  {
    "company_name": "AAT Bioquest",
    "city": "Pleasanton",
    "website": "https://aatbio.com"
  },
  {
    "company_name": "ALLInBio",
    "city": "San Francisco",
    "website": "https://allinbio.com"
  },
  {
    "company_name": "ALX Oncology",
    "city": "South San Francisco",
    "website": "https://alxoncology.com"
  },
  {
    "company_name": "AN2 Therapeutics",
    "city": "Menlo Park",
    "website": "https://an2therapeutics.com"
  },
  {
    "company_name": "APstem Therapeutics",
    "city": "Fremont",
    "website": "https://apstemtx.com"
  },
  {
    "company_name": "ARIZ Precision Medicine",
    "city": "Davis",
    "website": "https://arizbio.com"
  },
  {
    "company_name": "ASI Bio (ashibio)",
    "city": "Burlingame",
    "website": "https://ashibio.com"
  },
  {
    "company_name": "ATUM (DNA2.0)",
    "city": "Newark",
    "website": "https://atum.bio"
  },
  {
    "company_name": "Aarvik Therapeutics",
    "city": "Hayward",
    "website": "https://aarviktx.com"
  },
  {
    "company_name": "Aayam Therapeutics",
    "city": "San Jose",
    "website": "https://aayamtx.com"
  },
  {
    "company_name": "Ab Studio",
    "city": "Hayward",
    "website": "https://antibodystudio.com"
  },
  {
    "company_name": "AbTherx",
    "city": "Mountain View",
    "website": "https://abtherx.com"
  },
  {
    "company_name": "AbboMax",
    "city": "San Jose",
    "website": "https://abbomax.com"
  },
  {
    "company_name": "Abbott (Bay Area)",
    "city": "Alameda",
    "website": "https://abbott.com"
  },
  {
    "company_name": "Abcam",
    "city": "Fremont",
    "website": "https://abcam.com"
  },
  {
    "company_name": "Abiosciences",
    "city": "South San Francisco",
    "website": "https://abiosciences.com"
  },
  {
    "company_name": "Abram Scientific",
    "city": "South San Francisco",
    "website": "https://abramscientific.com"
  },
  {
    "company_name": "AccuraGen",
    "city": "San Jose",
    "website": "https://accuragen.com"
  },
  {
    "company_name": "Accuray",
    "city": "Sunnyvale",
    "website": "https://accuray.com"
  },
  {
    "company_name": "Accurus Biosciences",
    "city": "Richmond",
    "website": "https://accurusbio.com"
  },
  {
    "company_name": "Accuryn Medical",
    "city": "Hayward",
    "website": "https://accuryn.com"
  },
  {
    "company_name": "AceLink Therapeutics",
    "city": "Newark",
    "website": "https://acelinktherapeutics.com"
  },
  {
    "company_name": "Acelot",
    "city": "South San Francisco",
    "website": "https://acelot.com"
  },
  {
    "company_name": "Acepix Biosciences",
    "city": "Union City",
    "website": "https://acepixbio.com"
  },
  {
    "company_name": "Achelois BioPharma",
    "city": "Redwood City",
    "website": "https://achelois.bio"
  },
  {
    "company_name": "Achira",
    "city": "San Francisco",
    "website": "https://achira.ai"
  },
  {
    "company_name": "Acme Bioscience",
    "city": "Palo Alto",
    "website": "https://acmeca.com"
  },
  {
    "company_name": "Acrobat Genomics",
    "city": "San Carlos",
    "website": "https://acrobatgenomics.com"
  },
  {
    "company_name": "AcureX Therapeutics",
    "city": "San Carlos",
    "website": "https://acurex.com"
  },
  {
    "company_name": "Adaptyx Biosciences",
    "city": "Menlo Park",
    "website": "https://adaptyx.bio"
  },
  {
    "company_name": "Adari Cell Science",
    "city": "Oakland",
    "website": "https://adaricell.com"
  },
  {
    "company_name": "Adicet Bio",
    "city": "Redwood City",
    "website": "https://adicetbio.com"
  },
  {
    "company_name": "Adona Medical",
    "city": "Los Gatos",
    "website": "https://adonamed.com"
  },
  {
    "company_name": "Advanced Bifurcation Systems",
    "city": "Livermore",
    "website": "https://advancedbifurcation.com"
  },
  {
    "company_name": "Advanced Cell Diagnostics",
    "city": "Newark",
    "website": "https://acdbio.com"
  },
  {
    "company_name": "Advanced Microbubbles",
    "city": "Newark",
    "website": "https://advancedmicrobubbles.com"
  },
  {
    "company_name": "Advanced NanoTherapies",
    "city": "Santa Clara",
    "website": "https://advancednanotherapies.com"
  },
  {
    "company_name": "Advanced Process Systems",
    "city": "Orinda",
    "website": "https://advancedprosystems.com"
  },
  {
    "company_name": "Advansta",
    "city": "San Jose",
    "website": "https://advansta.com"
  },
  {
    "company_name": "Adventris Pharmaceuticals",
    "city": "San Francisco",
    "website": "https://adventris.com"
  },
  {
    "company_name": "Adverum Biotechnologies",
    "city": "Redwood City",
    "website": "https://adverum.com"
  },
  {
    "company_name": "Aelan Cell Technologies",
    "city": "San Francisco",
    "website": "https://aelanct.com"
  },
  {
    "company_name": "Aeovian Pharmaceuticals",
    "city": "Berkeley",
    "website": "https://aeovian.com"
  },
  {
    "company_name": "Aequita Bioworks",
    "city": "San Carlos",
    "website": "https://aequitabioworks.com"
  },
  {
    "company_name": "Aerin Medical",
    "city": "Mountain View",
    "website": "https://aerinmedical.com"
  },
  {
    "company_name": "Aether Biomachines",
    "city": "Menlo Park",
    "website": "https://aetherbio.com"
  },
  {
    "company_name": "AfaSci",
    "city": "Redwood City",
    "website": "https://afasci.com"
  },
  {
    "company_name": "Agilent Technologies (Bio Division)",
    "city": "Santa Clara",
    "website": "https://agilent.com"
  },
  {
    "company_name": "Aikium",
    "city": "Berkeley",
    "website": "https://aikium.com"
  },
  {
    "company_name": "Aizon",
    "city": "San Francisco",
    "website": "https://aizon.ai"
  },
  {
    "company_name": "Akero Therapeutics",
    "city": "South San Francisco",
    "website": "https://akerotx.com"
  },
  {
    "company_name": "Akura Medical",
    "city": "Los Gatos",
    "website": "https://akuramedical.com"
  },
  {
    "company_name": "Alamar Biosciences",
    "city": "Fremont",
    "website": "https://alamarbio.com"
  },
  {
    "company_name": "Alessa Therapeutics",
    "city": "San Carlos",
    "website": "https://alessatherapeutics.com"
  },
  {
    "company_name": "Algen Biotechnologies",
    "city": "San Francisco",
    "website": "https://algenbio.com"
  },
  {
    "company_name": "Alife",
    "city": "San Francisco",
    "website": "https://alifehealth.com"
  },
  {
    "company_name": "Aligos Therapeutics",
    "city": "South San Francisco",
    "website": "https://aligos.com"
  },
  {
    "company_name": "AliveCor",
    "city": "Mountain View",
    "website": "https://kardia.com"
  },
  {
    "company_name": "Alixia",
    "city": "San Francisco",
    "website": "https://alixia.com"
  },
  {
    "company_name": "Alkahest",
    "city": "San Carlos",
    "website": "https://alkahest.com"
  },
  {
    "company_name": "Allay Therapeutics",
    "city": "Menlo Park",
    "website": "https://allaytx.com"
  },
  {
    "company_name": "Allelica",
    "city": "San Francisco",
    "website": "https://allelica.com"
  },
  {
    "company_name": "Alphalyse",
    "city": "Palo Alto",
    "website": "https://alphalyse.com"
  },
  {
    "company_name": "Alstem",
    "city": "Richmond",
    "website": "https://alstembio.com"
  },
  {
    "company_name": "AlterG",
    "city": "Fremont",
    "website": "https://alterg.com"
  },
  {
    "company_name": "AltiBio",
    "city": "Half Moon Bay",
    "website": "https://altibio.bio"
  },
  {
    "company_name": "Alto Neuroscience",
    "city": "Mountain View",
    "website": "https://altoneuroscience.com"
  },
  {
    "company_name": "Altos Labs",
    "city": "Redwood City",
    "website": "https://altoslabs.com"
  },
  {
    "company_name": "AltruBio",
    "city": "San Francisco",
    "website": "https://altrubio.com"
  },
  {
    "company_name": "Altus Life Science",
    "city": "San Jose",
    "website": "https://altuslifescience.com"
  },
  {
    "company_name": "Aluda Pharmaceuticals",
    "city": "Menlo Park",
    "website": "https://aludapharm.com"
  },
  {
    "company_name": "Aluna",
    "city": "San Francisco",
    "website": "https://alunacare.com"
  },
  {
    "company_name": "Alveo Technologies",
    "city": "Alameda",
    "website": "https://alveotechnologies.com"
  },
  {
    "company_name": "Amador Bioscience",
    "city": "Pleasanton",
    "website": "https://amadorbioscience.com"
  },
  {
    "company_name": "Amaros",
    "city": "Menlo Park",
    "website": "https://amaros.ai"
  },
  {
    "company_name": "Amgen (Bay Area)",
    "city": "South San Francisco",
    "website": "https://amgen.com"
  },
  {
    "company_name": "AmplifiDx",
    "city": "Newark",
    "website": "https://amplifidx.com"
  },
  {
    "company_name": "Amprion",
    "city": "San Francisco",
    "website": "https://ampriondx.com"
  },
  {
    "company_name": "Amygdala Neurosciences",
    "city": "Los Altos",
    "website": "https://amygns.com"
  },
  {
    "company_name": "AnaSpec",
    "city": "Fremont",
    "website": "https://anaspec.com"
  },
  {
    "company_name": "Ananya Health",
    "city": "Oakland",
    "website": "https://ananya.health"
  },
  {
    "company_name": "Anchor Molecular",
    "city": "Pleasanton",
    "website": "https://anchormolecular.com"
  },
  {
    "company_name": "AnchorDx",
    "city": "Fremont",
    "website": "https://anchordx.com"
  },
  {
    "company_name": "Ancora Bio",
    "city": "Palo Alto",
    "website": "https://ancorabiotech.com"
  },
  {
    "company_name": "Ancora Heart",
    "city": "Santa Clara",
    "website": "https://ancoraheart.com"
  },
  {
    "company_name": "Andromeda Surgical",
    "city": "South San Francisco",
    "website": "https://andromedasurgical.com"
  },
  {
    "company_name": "Angarus Therapeutics",
    "city": "South San Francisco",
    "website": "https://angarustx.com"
  },
  {
    "company_name": "Anixa Biosciences",
    "city": "San Jose",
    "website": "https://anixa.com"
  },
  {
    "company_name": "Antares Therapeutics",
    "city": "South San Francisco",
    "website": "https://antaresrx.com"
  },
  {
    "company_name": "Antheia",
    "city": "Menlo Park",
    "website": "https://antheia.bio"
  },
  {
    "company_name": "Antibodies Incorporated",
    "city": "Davis",
    "website": "https://antibodiesinc.com"
  },
  {
    "company_name": "Antibody Solutions",
    "city": "Santa Clara",
    "website": "https://antibody.com"
  },
  {
    "company_name": "Antiva Biosciences",
    "city": "Redwood City",
    "website": "https://antivabio.com"
  },
  {
    "company_name": "Anwita Biosciences",
    "city": "San Carlos",
    "website": "https://anwitabio.com"
  },
  {
    "company_name": "Apellis Pharmaceuticals",
    "city": "San Francisco",
    "website": "https://apellis.com"
  },
  {
    "company_name": "Apeximmune",
    "city": "Burlingame",
    "website": "https://apeximmune.com"
  },
  {
    "company_name": "Apollomics",
    "city": "Foster City",
    "website": "https://apollomicsinc.com"
  },
  {
    "company_name": "Apostle Inc.",
    "city": "Pleasanton",
    "website": "https://apostlebio.com"
  },
  {
    "company_name": "Applied Biomics",
    "city": "Hayward",
    "website": "https://appliedbiomics.com"
  },
  {
    "company_name": "Applied Cells",
    "city": "Santa Clara",
    "website": "https://appliedcells.com"
  },
  {
    "company_name": "Applied StemCell",
    "city": "Milpitas",
    "website": "https://appliedstemcell.com"
  },
  {
    "company_name": "Applied Viromics",
    "city": "Fremont",
    "website": "https://appliedviromics.com"
  },
  {
    "company_name": "Apreo Health",
    "city": "Menlo Park",
    "website": "https://apreohealth.com"
  },
  {
    "company_name": "Aptah Bio",
    "city": "San Carlos",
    "website": "https://aptah-bio.com"
  },
  {
    "company_name": "Aqtual",
    "city": "Hayward",
    "website": "https://aqtual.com"
  },
  {
    "company_name": "Aqua Medical",
    "city": "Pleasanton",
    "website": "https://aquaendoscopy.com"
  },
  {
    "company_name": "Aquedeon Medical",
    "city": "Sunnyvale",
    "website": "https://aquedeonmedical.com"
  },
  {
    "company_name": "Aragen Life Sciences",
    "city": "Morgan Hill",
    "website": "https://aragen.com"
  },
  {
    "company_name": "Aralez Bio",
    "city": "Berkeley",
    "website": "https://aralezbio.com"
  },
  {
    "company_name": "Arbor Vita",
    "city": "Fremont",
    "website": "https://arborvita.com"
  },
  {
    "company_name": "Arcus Biosciences",
    "city": "Hayward",
    "website": "https://arcusbio.com"
  },
  {
    "company_name": "Arda Therapeutics",
    "city": "San Carlos",
    "website": "https://ardatx.com"
  },
  {
    "company_name": "Aridis Pharmaceuticals",
    "city": "Los Gatos",
    "website": "https://aridispharma.com"
  },
  {
    "company_name": "Ark Diagnostics",
    "city": "Fremont",
    "website": "https://ark-tdm.com"
  },
  {
    "company_name": "Artera",
    "city": "Los Altos",
    "website": "https://artera.ai"
  },
  {
    "company_name": "Artery Therapeutics",
    "city": "San Ramon",
    "website": "https://arterytx.com"
  },
  {
    "company_name": "Artificial",
    "city": "Palo Alto",
    "website": "https://artificial.com"
  },
  {
    "company_name": "Ascendis Pharma",
    "city": "Palo Alto",
    "website": "https://ascendispharma.com"
  },
  {
    "company_name": "Asegua Therapeutics",
    "city": "Foster City",
    "website": "https://asegua.com"
  },
  {
    "company_name": "Asieris Pharmaceuticals",
    "city": "Palo Alto",
    "website": "https://asieris.com"
  },
  {
    "company_name": "Aspa Therapeutics",
    "city": "Palo Alto",
    "website": "https://aspatx.com"
  },
  {
    "company_name": "Assay Biotechnology",
    "city": "San Jose",
    "website": "https://assaybiotechnology.com"
  },
  {
    "company_name": "Assembly Biosciences",
    "city": "South San Francisco",
    "website": "https://assemblybio.com"
  },
  {
    "company_name": "AstraZeneca (Bay Area)",
    "city": "South San Francisco",
    "website": "https://astrazeneca.com"
  },
  {
    "company_name": "Astraea Therapeutics",
    "city": "Mountain View",
    "website": "https://astraeatherapeutics.com"
  },
  {
    "company_name": "atHeart Medical",
    "city": "Santa Clara",
    "website": "https://atheartmedical.com"
  },
  {
    "company_name": "Athelas",
    "city": "Mountain View",
    "website": "https://athelas.com"
  },
  {
    "company_name": "Atia Vision",
    "city": "Campbell",
    "website": "https://atiavision.com"
  },
  {
    "company_name": "Atila Biosystems",
    "city": "Sunnyvale",
    "website": "https://atilabiosystems.com"
  },
  {
    "company_name": "Atomic AI",
    "city": "South San Francisco",
    "website": "https://atomic.ai"
  },
  {
    "company_name": "Atonarp",
    "city": "Pleasanton",
    "website": "https://atonarp.com"
  },
  {
    "company_name": "AtriCure",
    "city": "Pleasanton",
    "website": "https://atricure.com"
  },
  {
    "company_name": "Atropos Therapeutics",
    "city": "San Carlos",
    "website": "https://atroposthera.com"
  },
  {
    "company_name": "Attovia Therapeutics",
    "city": "San Carlos",
    "website": "https://attovia.com"
  },
  {
    "company_name": "Attune Neurosciences",
    "city": "San Francisco",
    "website": "https://attuneneuro.com"
  },
  {
    "company_name": "Auctus Surgical",
    "city": "Danville",
    "website": "https://auctussurgical.com"
  },
  {
    "company_name": "Augmenta Bioworks",
    "city": "Menlo Park",
    "website": "https://augbio.com"
  },
  {
    "company_name": "Aulos Bioscience",
    "city": "Larkspur",
    "website": "https://aulosbio.com"
  },
  {
    "company_name": "Auransa",
    "city": "Palo Alto",
    "website": "https://auransa.com"
  },
  {
    "company_name": "Aurora Microplates",
    "city": "San Jose",
    "website": "https://auroramicroplates.com"
  },
  {
    "company_name": "AusperBio",
    "city": "San Mateo",
    "website": "https://ausperbio.com"
  },
  {
    "company_name": "Austral Biologicals",
    "city": "San Ramon",
    "website": "https://australbiologicals.com"
  },
  {
    "company_name": "Avails Medical",
    "city": "Menlo Park",
    "website": "https://availsmedical.com"
  },
  {
    "company_name": "Avantec Vascular",
    "city": "Sunnyvale",
    "website": "https://avantecvascular.com"
  },
  {
    "company_name": "Avellino Labs",
    "city": "Menlo Park",
    "website": "https://avellino.ai"
  },
  {
    "company_name": "Avenue Biosciences",
    "city": "Palo Alto",
    "website": "https://avenuebiosciences.com"
  },
  {
    "company_name": "Averto Medical",
    "city": "Fremont",
    "website": "https://avertomed.com"
  },
  {
    "company_name": "Avinger",
    "city": "Redwood City",
    "website": "https://lumivascular.us"
  },
  {
    "company_name": "Avirmax",
    "city": "Hayward",
    "website": "https://avirmax.com"
  },
  {
    "company_name": "Avisi Technologies",
    "city": "Redwood City",
    "website": "https://avisitech.com"
  },
  {
    "company_name": "Avive Solutions",
    "city": "Brisbane",
    "website": "https://avive.life"
  },
  {
    "company_name": "Avvio Medical",
    "city": "San Francisco",
    "website": "https://avviomedical.com"
  }
]