Company Name,Website,City,Address,Company Stage,Focus Areas,Description,Validation_Source,original_index,Google_Address,Google_Name,Google_Website,Confidence_Score,Latitude,Longitude
10X Genomics,https://www.10xgenomics.com/,Pleasanton,,,Genomics Platform,,BPG,0,"6230 Stoneridge Mall Rd, Pleasanton, CA 94588, USA",10x Genomics Headquarters,https://10xgenomics.com/,0.9584,37.6943023,-121.9212663
1Cell.Ai,https://1cell.ai/,Cupertino,,,Cancer Diagnostics,,BPG,1,"320 Hatch Dr, Foster City, CA 94404, USA",1Cell.ai,https://1cell.ai/,0.9999999999999999,37.567417,-122.2747414
3T Biosciences,https://3tbiosciences.com/,South SF,,,TCR Therapies,,BPG,3,"230 E Grand Ave. a, South San Francisco, CA 94080, USA",3T Biosciences,http://3tbiosciences.com/,0.9999999999999999,37.6536246,-122.3976712
4D Molecular Therapeutics,https://4dmoleculartherapeutics.com/,Emeryville,,,Gene Therapy,,BPG,4,"5858 Horton St #455, Emeryville, CA 94608, USA",4D Molecular Therapeutics,http://www.4dmoleculartherapeutics.com/,0.9999999999999999,37.8401509,-122.2906863
89bio,https://89bio.com/,San Francisco,,,Liver Treatments,,BPG,7,"655 Montgomery St 15th Floor, San Francisco, CA 94111, USA","89 Bio, Inc.",https://www.89bio.com/,0.936,37.7952699,-122.4035731
AAT Bioquest,https://www.aatbio.com/,Pleasanton,,,Bioanalytical research reagents and kits; various contract research offerings,,BPG,12,"5775 W Las Positas Blvd, Pleasanton, CA 94588, USA","AAT Bioquest, Inc.",http://www.aatbio.com/,0.9999999999999999,37.6859291,-121.8927876
ACI Medical,https://www.acimedical.com/,San Marcos,,,Arterial Assist Device,,BPG,13,"1857 Diamond St # A, San Marcos, CA 92078, USA","ACI Medical, LLC",http://acimedical.com/,0.9999999999999999,33.1044269,-117.2171986
ACON Laboratories,https://www.aconlabs.com/,San Diego,,,Diagnostics & Devices,,BPG,14,"9440 Carroll Park Dr, San Diego, CA 92121, USA",ACON Laboratories Inc,http://aconlabs.com/,0.9999999999999999,32.88729,-117.1729834
ACS Diagnostics,https://acsd4u.com/,Irvine,,,Cardiac Instrumentation,,BPG,15,"25651 Atlantic Ocean Ste. A15, Lake Forest, 926301 Hughes, Irvine, CA 92618, USA","ACS Diagnostics, Inc.",https://acsd4u.com/,0.9999999999999999,33.6668249,-117.6829927
ACT Biotech Inc,http://actbiotech.com/,,,,,"ACT Biotech Inc is a San Francisco-based, privately held biopharmaceutical company focused on the development and commercialization of targeted cancer drugs. It was founded in 2008.",Wikipedia,16,"717 Market St, San Francisco, CA 94103, USA",Act Biotech,http://www.actbiotech.com/,0.9999999999999999,37.7868614,-122.4036958
ADARx Pharmaceuticals,https://www.adarx.com/,San Diego,,,RNA Therapeutics,,BPG,17,"5871 Oberlin Dr Suite 200, San Diego, CA 92121, USA","ADARx Pharmaceuticals, Inc.",https://www.adarx.com/,0.9999999999999999,32.89509960000001,-117.1921234
ADRx,https://www.adrxpharma.com/,Thousand Oaks,,,Amyloid Treatments,,BPG,19,"515 Marin St, Thousand Oaks, CA 91360, USA","ADRx, Inc.",http://adrxpharma.com/,0.9999999999999999,34.1843556,-118.8817294
ADS Biosystems,https://adsbiosystems.com/,San Diego,,,Cancer Diagnostics,,BPG,20,"5820 Oberlin Dr STE 104, San Diego, CA 92121, USA",Ads Biosystems inc.,,0.7999999999999999,32.893965,-117.1940942
AEON Biopharma,https://aeonbiopharma.com/,Irvine,,,Therapeutic Botulinum Toxins,,BPG,21,"5 Park Plaza, Irvine, CA 92614, USA",AEON Biopharma,https://aeonbiopharma.com/contact-aeon-biopharma/,0.9999999999999999,33.6765029,-117.837379
AG Scientific,https://agscientific.com/?SID=af66d54e78ae8bfb89810fdeda0e7f81,San Diego,,,Biomarker Preservation & Stabilizing Reagents for In-vitro Diagnostic Development,,BPG,22,"9950 Scripps Lake Dr #104, San Diego, CA 92131, USA",AG Scientific,https://www.agscientific.com/,0.9999999999999999,32.9118499,-117.1112899
AIVITA Biomedical,http://aivitabiomedical.com/,Irvine,,,Stem Cell Therapy,,BPG,23,"18301 Von Karman Ave #130, Irvine, CA 92612, USA","AIVITA Biomedical, Inc.",http://www.aivitabiomedical.com/,0.9999999999999999,33.6777078,-117.8544951
ALX Oncology,https://alxoncology.com/,South SF,,,Immuno-oncology,,BPG,26,"323 Allerton Ave, South San Francisco, CA 94080, USA",ALX Oncology,http://www.alxoncology.com/,0.9999999999999999,37.6526319,-122.3921701
AM Chemicals,https://www.amchemicals.com/,Vista,,,Solid supports and reagents for robust oligonucleotide synthesis,,BPG,28,"1060 Joshua Way, Vista, CA 92081, USA",AM Chemicals LLC,https://www.amchemicals.com/,0.9999999999999999,33.148398,-117.229994
AN2 Therapeutics,https://www.an2therapeutics.com/,Menlo Park,,,Novel medicines targeting infectious diseases,,BPG,30,"1300 El Camino Real Suite 100, Menlo Park, CA 94025, USA",AN2 Therapeutics,http://www.an2therapeutics.com/,0.9999999999999999,37.4557547,-122.1854195
APstem Therapeutics,https://apstemtx.com/,Fremont,,,Stem Cell Technology,,BPG,31,"48371 Fremont Blvd #103, Fremont, CA 94538, USA","APstem Therapeutics, Inc.",https://www.apstemtx.com/,0.9999999999999999,37.4666249,-121.9346006
ATUM,https://www.atum.bio/,Newark,,,"Gene Synthesis, Protein Expression and Engineering",,BPG,35,"37950 Central Ct, Newark, CA 94560, USA",ATUM,https://www.atum.bio/,0.9999999999999999,37.52061080000001,-122.0384445
Aardvark Therapeutics,https://aardvarktherapeutics.com/,San Diego,,,Obesity & Genetic Metabolic Disorders,,BPG,37,"4370 La Jolla Village Dr Suite 1050, San Diego, CA 92122, USA","Aardvark Therapeutics, Inc",http://aardvarktherapeutics.com/,0.9999999999999999,32.8740097,-117.2111392
Aarvik Therapeutics,https://aarviktx.com/,Hayward,,,Antibody-Drug Conjugates,,BPG,38,"Hayward, CA 94544, USA",AARVIK THERAPEUTICS,,0.7999999999999999,37.6067209,-122.0521248
Ab Studio,https://www.antibodystudio.com/,Hayward,,,Antibody humanization and optimization service,,BPG,40,"3541 Investment Blvd Suite 3, Hayward, CA 94545, USA",Ab Studio Inc,https://www.antibodystudio.com/,0.9999999999999999,37.6251376,-122.120878
AbTherx,https://www.abtherx.com/,Mountain View,,,Therapeutic Antibody Discovery,,BPG,41,"319 N Bernardo Ave, Mountain View, CA 94043, USA",AbTherx,http://abtherx.com/,0.9999999999999999,37.3873687,-122.0488103
Abalone Bio,https://www.abalonebio.com/,Emeryville,,,Antibody Therapies,,BPG,42,"1250 45th St Suite 520, Emeryville, CA 94608, USA","Abalone Bio, Inc",http://www.abalonebio.com/,0.9999999999999999,37.8336542,-122.2848017
Abbiotec,https://www.abbiotec.com/,Escondido,,,Research Antibodies & Peptides,,BPG,44,"938 S Andreasen Dr Suite I, Escondido, CA 92029, USA","Abbiotec, Inc.",https://abbiotec.com/,0.9999999999999999,33.113311,-117.1142081
AbboMax,https://www.abbomax.com/,San Jose,,,"Antibody, peptide, and assay product and service provider",,BPG,45,"2528 Qume Dr STE 8, San Jose, CA 95131, USA",Abbomax Inc,http://www.abbomax.com/,0.9999999999999999,37.400379,-121.888225
Abbott,https://www.abbott.com/,Alameda,,,Diabetes Care,,BPG,46,"2321 N Loop Rd, Alameda, CA 94502, USA",Abbott main office,https://www.abbott.com/,0.9466666666666667,37.730565,-122.2469759
Abcam,https://www.abcam.com/en-us,Fremont,,,Antibodies,,BPG,47,"860 Auburn Ct, Fremont, CA 94538, USA",Abcam,https://www.abcam.com/,0.9999999999999999,37.4811923,-121.9298533
Abcentra,https://abcentra.com/,Los Angeles,,,Monoclonal Antibodies,,BPG,48,"1925 Century Park E #1700, Los Angeles, CA 90067, USA",Abcentra,https://www.abcentra.com/,0.9999999999999999,34.0606064,-118.4144916
Abeomics,https://www.abeomics.com/,San Diego,,,Contract Research,,BPG,50,"9853 Pacific Heights Blvd Ste. D, San Diego, CA 92121, USA","Abeomics, Inc.",http://abeomics.com/,0.9999999999999999,32.8993645,-117.1878792
Abilita Therapeutics,https://abilitatx.com/,San Diego,,,Method for creating GPCR-targeting antibodies,,BPG,51,"5785 Oberlin Dr, San Diego, CA 92121, USA",Abilita Therapeutics,http://www.abilitatx.com/,0.9999999999999999,32.8929647,-117.1935375
Abiocode,http://www.abiocode.com/,Agoura Hills,,,Research Antibodies,,BPG,52,"29397 Agoura Rd, Agoura Hills, CA 91301, USA",Abiocode,http://www.abiocode.com/,0.9999999999999999,34.144534,-118.765643
Abiosciences,https://www.abiosciences.com/,South SF,,,"Single cell sequencing, bioinformatics, AI-aided molecular design",,BPG,53,"280 Utah Ave, South San Francisco, CA 94080, USA","Abiosciences, Inc",https://abiosciences.com/,0.9999999999999999,37.6464465,-122.3948255
Ablexis,https://www.ablexis.com/,San Diego,,,"In vivo monoclonal antibody discovery platform, engineered mice",,BPG,54,"10581 Roselle St, San Diego, CA 92121, USA",Ablexis,https://www.ablexis.com/contact/,0.9999999999999999,32.8962845,-117.2207397
Abterra Biosciences,https://abterrabio.com/,San Diego,,,Antibody Discovery & Services,,BPG,56,"11588 Sorrento Valley Rd # 16, San Diego, CA 92121, USA",Abterra Biosciences,https://abterrabio.com/,0.9999999999999999,32.911824,-117.232986
Acadia Pharmaceuticals,https://acadia.com/,San Diego,,,Small Molecules,,BPG,57,"12830 El Camino Real #400, San Diego, CA 92130, USA",Acadia Pharmaceuticals Inc.,https://acadia.com/,0.9999999999999999,32.950687,-117.2361509
Accelagen,https://accelagen.com/,San Diego,,,Contract molecular biology work,,BPG,58,"6044 Cornerstone Ct W # C, San Diego, CA 92121, USA",Accelagen Inc,,0.7999999999999999,32.8973847,-117.1908292
AccuraGen,https://www.accuragen.com/,San Jose,,,Liquid Cancer Biopsy,,BPG,63,"2720 Zanker Rd suite 240, San Jose, CA 95134, USA",AccuraGen Inc.,http://accuragen.com/,0.9999999999999999,37.3926485,-121.9266447
Accurus Biosciences,http://accurusbio.com/web/,Richmond,,,Cellular & Antibody Services,,BPG,65,"2600 Hilltop Dr Building B, Suite C337, Richmond, CA 94806, USA","Accurus Biosciences, Inc.",http://www.accurusbio.com/,0.9999999999999999,37.9833106,-122.3379058
AcelaBio,https://acelabio.com/,San Diego,,,Histopathology and Precision Medicine Services for Global Clinical Trials,,BPG,68,"10581 Roselle St Suite 110, San Diego, CA 92121, USA",AcelaBio,https://acelabio.com/,0.9999999999999999,32.8966655,-117.2202956
Acelot,https://www.acelot.com/,South SF,,,Neurodegenerative Therapies,,BPG,69,"329 Oyster Point Blvd, South San Francisco, CA 94080, USA","Acelot, Inc.",http://www.acelot.com/,0.9999999999999999,37.663974,-122.3899071
Acepix Biosciences,https://acepixbio.com/,Union City,,,Cell based and histo-pathology products,,BPG,70,"32990 Alvarado-Niles Rd suite 910, Union City, CA 94587, USA",Acepix Biosciences,http://acepixbio.com/,0.9999999999999999,37.594297,-122.0444574
Acepodia,https://www.acepodia.com/,Alameda,,,Antibody-Cell Conjugation Therapy,,BPG,71,"1600 Harbor Bay Pkwy #140, Alameda, CA 94502, USA",Acepodia Biotech Inc.,https://www.acepodia.com/,0.9600000000000001,37.7247581,-122.2404715
Achelois BioPharma,https://achelois.bio/,Redwood City,,,Molecular Velcro Antiviral Technology,,BPG,72,"3698 Haven Ave Suite A, Redwood City, CA 94063, USA",Achelois BioPharma,https://achelois.bio/,0.9999999999999999,37.4848333,-122.1826758
Acrobat Genomics,https://www.acrobatgenomics.com/,San Carlos,,,CRISPR Drug Discovery,,BPG,77,"930 Brittan Ave, San Carlos, CA 94070, USA",Acrobat Genomics,https://www.acrobatgenomics.com/,0.9999999999999999,37.5033721,-122.2492724
Actio Biosciences,https://actiobiosciences.com/,San Diego,,,Genetics Platform,,BPG,78,"11202 El Camino Real, San Diego, CA 92130, USA",Actio Biosciences,,0.7999999999999999,32.9228401,-117.2301568
Active Motif,https://www.activemotif.com/,Carlsbad,,,Epigenetics Research products,,BPG,79,"1914 Palomar Oaks Way STE 150, Carlsbad, CA 92008, USA",Active Motif,http://www.activemotif.com/,0.9999999999999999,33.1248497,-117.2893226
AcuraStem,https://acurastem.com/,Pasadena,,,Patient-based Therapeutics,,BPG,82,"150 N Orange Grove Blvd, Pasadena, CA 91103, USA",AcuraStem,https://acurastem.com/,0.9999999999999999,34.148909,-118.159546
Acutus Medical,https://www.acutusmedical.com/us/,Carlsbad,,,Complex Cardiac Arrhythmias Diagnostics,,BPG,84,"2210 Faraday Ave #100, Carlsbad, CA 92008, USA",Acutus Medical Inc.,https://ir.acutusmedical.com/,0.9999999999999999,33.1353312,-117.2793439
Adagio Medical,https://adagiomedical.com/,Laguna Hills,,,Continuous Lesion Ablation System,,BPG,85,"26051 Merit Cir #102, Laguna Hills, CA 92653, USA",Adagio,http://www.adagiomedical.com/,0.9542857142857143,33.5740369,-117.6760512
Adari Cell Science,https://adaricell.com/,Oakland,,,Cell-based Assays,,BPG,88,"5 Ascot Ct, Oakland, CA 94611, USA",Adari Cell Science,https://adaricell.com/about-us/,0.9999999999999999,37.82184240000001,-122.1965544
Adcentrx Therapeutics,https://www.adcentrx.com/,San Diego,,,Antibody drug conjugate,,BPG,89,"5580 Morehouse Dr #210, San Diego, CA 92121, USA",Adcentrx Therapeutics Inc.,https://adcentrx.com/,0.9999999999999999,32.8968815,-117.199047
AddexBio,https://www.addexbio.com/,San Diego,,,"Reagents, Cells, Research Tools",,BPG,90,"4907 Morena Blvd, San Diego, CA 92117, USA",AddexBio,https://www.addexbio.com/contactLink,0.9999999999999999,32.8264362,-117.2302116
Adicet Bio,https://www.adicetbio.com/,Redwood City,,,Immunotherapies,,BPG,92,"1000 Bridge Pkwy, Redwood City, CA 94065, USA",Adicet Bio,https://www.adicetbio.com/contact/,0.9999999999999999,37.5341107,-122.2586092
Adona Medical,https://adonamed.com/,Los Gatos,,,Device for Heart Failure,,BPG,93,"180 Knowles Dr, Los Gatos, CA 95032, USA",Adona Medical,https://adonamed.com/,0.9999999999999999,37.2611247,-121.961252
AdvanBio,https://advan-bio.com/about-us/,Irvine,,,"Bioanalysis, Assay Development, Regulatory Consulting",,BPG,94,"8717 Research Dr, Irvine, CA 92618, USA",AdvanBio,https://advan-bio.com/,0.9999999999999999,33.6451252,-117.7397655
Advanced Bifurcation Systems,https://advancedbifurcation.com/,Livermore,,,Bifurcating Stent,,BPG,95,"7419 Southfront Rd, Livermore, CA 94551, USA",Advanced Bifurcation Systems,https://advancedbifurcation.com/contact-us/,0.9999999999999999,37.71414100000001,-121.7053037
Advanced Biomatrix,https://advancedbiomatrix.com/,Carlsbad,,,"3D Tissue Culture, Assays and Cell Proliferation",,BPG,96,"5930 Sea Lion Pl, Carlsbad, CA 92010, USA",Advanced BioMatrix,https://www.advancedbiomatrix.com/,0.9999999999999999,33.1332591,-117.2481533
Advanced Brain Monitoring,https://www.advancedbrainmonitoring.com/,Carlsbad,,,"EEG headsets, physiological monitoring systems, software",,BPG,97,"2237 Faraday Ave, Carlsbad, CA 92008, USA",Advanced Brain Monitoring,http://advancedbrainmonitoring.com/,0.9999999999999999,33.133844,-117.2788648
Advanced Cell Diagnostics,https://acdbio.com/,Newark,,,RNA Detection,,BPG,98,"7707 Gateway Blvd, Newark, CA 94560, USA",Advanced Cell Diagnostics a Bio-Techne Brand,http://www.acdbio.com/,0.9665116279069766,37.5396118,-122.0637698
Advanced Microbubbles,https://www.advancedmicrobubbles.com/,Newark,,,Ultrasound-triggered microbubbles,,BPG,99,"39655 Eureka Dr, Newark, CA 94560, USA",Advanced Microbubbles Inc,https://www.advancedmicrobubbles.com/contact-us.html,0.9999999999999999,37.5092226,-121.9981293
Advanced Orthopaedic Solutions,https://www.aosortho.com/,Torrance,,,Orthopedic Trauma Products,,BPG,101,"3203 Kashiwa St, Torrance, CA 90505, USA",Advanced Orthopedic Solutions,https://www.aosortho.com/,0.9973333333333333,33.8162778,-118.3414429
Advanced Protein Production,https://www.advpropro.com/,Carlsbad,,,CDMO - Proteins,,BPG,102,"1930 Kellogg Ave, Carlsbad, CA 92008, USA",Advanced Protein Production,https://www.advpropro.com/,0.9999999999999999,33.1252188,-117.2884916
Advanced Sterilization Products,https://www.asp.com/en-us,Irvine,,,Sterilization Products,,BPG,103,"33 Technology Dr, Irvine, CA 92618, USA",Advanced Sterilization Products (ASP),https://www.asp.com/,0.9908571428571428,33.6548859,-117.7409108
Advanced Targeting Systems,https://atsbio.com/,Carlsbad,,,Cell Reagents,,BPG,104,"1930 Kellogg Ave, Carlsbad, CA 92008, USA",Advanced Targeting Systems,http://atsbio.com/,0.9999999999999999,33.1252188,-117.2884916
Advansta,https://advansta.com/,San Jose,,,Protein characterization products,,BPG,105,"2140 Bering Dr, San Jose, CA 95131, USA",Advansta Inc.,http://www.advansta.com/,0.9999999999999999,37.3784165,-121.9188194
Advenchen Laboratories,http://advenchen.com/,Moorpark,,,Small Molecules,,BPG,106,"887 Patriot Dr STE A, Moorpark, CA 93021, USA","Advenchen Laboratories, LLC.",http://www.advenchen.com/,0.9999999999999999,34.2786985,-118.8633541
Adverum Biotechnologies,https://adverum.com/,Redwood City,,,"Adeno-Associated Virus Delivery, Gene Therapy",,BPG,108,"100 Cardinal Way, Redwood City, CA 94063, USA",Adverum,http://adverum.com/,0.9443478260869566,37.5043322,-122.2204498
Aelan Cell Technologies,http://aelanct.com/,San Francisco,,,Stem Cell Technology,,BPG,109,"655 3rd St, San Francisco, CA 94107, USA",Aelan Cell Technologies,http://aelanct.com/,0.9999999999999999,37.7795967,-122.3934385
Aerin Medical,https://aerinmedical.com/,Mountain View,,,Nasal Obstruction Relief Device,,BPG,113,"2565 Leghorn St, Mountain View, CA 94043, USA",Aerin Medical,http://www.aerinmedical.com/,0.9999999999999999,37.4187827,-122.0999437
Aether Biomachines,https://www.aetherbio.com/,Menlo Park,,,"Enzyme engineering, enabling customers to manufacture complex & novel products at fractional cost.",,BPG,115,"1455 Adams Dr, Menlo Park, CA 94025, USA",Aether Biomachines,http://aetherbio.com/,0.9999999999999999,37.4778376,-122.1425818
Aethlon Medical,https://www.aethlonmedical.com/,San Diego,,,Dialysis Filtration,,BPG,116,"11555 Sorrento Valley Rd STE 203, San Diego, CA 92121, USA",Aethlon Medical Inc,https://www.aethlonmedical.com/,0.9999999999999999,32.9121736,-117.231514
AfaSci,https://www.afasci.com/,Redwood City,,,Small Molecules,,BPG,117,"522 Second Ave, Redwood City, CA 94063, USA",Afasci Afasci,http://www.afasci.com/,0.9569230769230769,37.476501,-122.205002
Afecta Pharmaceuticals,https://afectapharm.com/,Irvine,,,Precision Medicines,,BPG,118,"2102 Business Center Dr, Irvine, CA 92612, USA",Afecta Pharmaceuticals,http://www.afectapharm.com/,0.9999999999999999,33.6801304,-117.855227
Affinity Biosensors,https://affinitybio.com/,Santa Barbara,,,Microbial Growth Measurement,,BPG,119,"222 E Canon Perdido St, Santa Barbara, CA 93101, USA",Affinity Biosensors,https://affinitybio.com/contact/,0.9999999999999999,34.4228745,-119.6973333
Agena Bioscience,https://www.agenabio.com/,San Diego,,,High throughput targeted & multiplexed genetic analysis,,BPG,121,"4755 Eastgate Mall, San Diego, CA 92121, USA",Agena Bioscience,http://agenabio.com/,0.9999999999999999,32.8792599,-117.2046306
